transaction_id,client_id,client_name,portfolio_id,ticker,transaction_type,quantity,price,currency,fee_amount,transaction_date,total
T00001,C005,Khalid,P005,GOOGL,SELL,322,186.4,USD,134.23,2026-08-11,-59886.57
T00002,C005,Khalid,P003,MSFT,SELL,151,452.54,USD,324.6,2026-08-23,-68008.94
T00003,C007,Saad,P008,2222.SR,BUY,72,231.86,SAR,30.49,2026-08-06,16724.41
T00004,C011,Sara,P006,MSFT,SELL,79,460.02,USD,66.81,2026-08-14,-36274.77
T00005,C004,Omar,P002,XAG,SELL,11,259.97,USD,4.99,2026-08-16,-2854.68
T00006,C007,Saad,P004,XPD,BUY,10,304.58,USD,14.89,2026-08-16,3060.69
T00007,C013,Huda,P009,NESN.SW,BUY,115,401.48,CHF,145.43,2026-08-15,46315.63
T00008,C016,Aisha,P002,AMZN,SELL,32,215.75,USD,27.84,2026-08-24,-6876.16
T00009,C011,Sara,P004,SAP,SELL,321,194.06,EUR,161.16,2026-08-13,-62132.1
T00010,C004,Omar,P008,VOD,SELL,25,150.86,GBP,9.5,2026-08-10,-3762.0
T00011,C011,Sara,P010,GOOGL,SELL,403,139.28,USD,259.46,2026-08-29,-55870.38
T00012,C020,Amal,P005,2222.SR,BUY,259,175.71,SAR,178.52,2026-08-10,45687.41
T00013,C006,Faisal,P002,AAPL,SELL,170,341.13,USD,267.05,2026-08-21,-57725.05
T00014,C017,Maha,P006,2222.SR,BUY,488,187.02,SAR,93.93,2026-08-22,91359.69
T00015,C018,Rana,P003,NESN.SW,SELL,367,63.98,CHF,31.05,2026-08-09,-23449.61
T00016,C013,Huda,P007,GOOGL,BUY,164,193.25,USD,76.23,2026-08-23,31769.23
T00017,C014,Reem,P008,NESN.SW,SELL,159,300.69,CHF,230.64,2026-08-02,-47579.07
T00018,C020,Amal,P002,AMZN,BUY,186,334.71,USD,133.44,2026-08-12,62389.5
T00019,C020,Amal,P009,MSFT,BUY,82,481.64,USD,167.98,2026-08-25,39662.46
T00020,C014,Reem,P007,XAG,SELL,187,382.31,USD,301.76,2026-08-15,-71190.21
T00021,C016,Aisha,P006,VOD,BUY,437,107.34,GBP,122.66,2026-08-25,47030.24
T00022,C002,Mohammed,P010,SAP,BUY,339,286.16,EUR,154.95,2026-08-10,97163.19
T00023,C013,Huda,P001,SAP,BUY,33,12.92,EUR,1.74,2026-08-18,428.1
T00024,C020,Amal,P002,MSFT,SELL,138,188.91,USD,27.48,2026-08-12,-26042.1
T00025,C008,Nasser,P008,VOD,SELL,127,447.79,GBP,150.52,2026-08-14,-56718.81
T00026,C020,Amal,P005,AAPL,SELL,203,365.91,USD,281.46,2026-08-16,-73998.27
T00027,C003,Abdullah,P008,IBM,SELL,379,51.32,USD,42.76,2026-08-09,-19407.52
T00028,C010,Ibrahim,P006,MSFT,BUY,141,120.41,USD,22.67,2026-08-16,17000.48
T00029,C007,Saad,P003,MSFT,BUY,38,196.61,USD,9.59,2026-08-25,7480.77
T00030,C011,Sara,P002,2222.SR,SELL,452,203.85,SAR,225.03,2026-08-30,-91915.17
